[
    {
        "name": "افزودن مصوبه توسط شورا",
        "slug": "/mes/enactment/add-by-board",
        "moduleName": "EMS",
        "permissionTypeName": "sidebar"
    },
    {
        "name": "افزودن مصوبه",
        "slug": "/mes/enactment/add-by-secretary",
        "moduleName": "EMS",
        "permissionTypeName": "sidebar"
    },
    {
        "name": "لیست مصوبات در انتظار دبیر",
        "slug": "/mes/pbs-enactments/list",
        "moduleName": "EMS",
        "permissionTypeName": "sidebar"
    },
    {
        "name": "لیست مصوبات در انتظار هیئت",
        "slug": "/mes/pbc-enactments/list",
        "moduleName": "EMS",
        "permissionTypeName": "sidebar"
    },
    {
        "name": "لیست تمامی مصوبات",
        "slug": "/mes/all-enactments/list",
        "moduleName": "EMS",
        "permissionTypeName": "sidebar"
    },
    {
        "name": "جزئیات مصوبه",
        "slug": "/mes/enactments/{id}",
        "moduleName": "EMS",
        "permissionTypeName": "operational"
    },
    {
        "name": "تأیید مصوبه",
        "slug": "/mes/enactments/approve/{id}",
        "moduleName": "EMS",
        "permissionTypeName": "operational"
    },
    {
        "name": "عدم وصول مصوبه",
        "slug": "/mes/enactments/decline/{id}",
        "moduleName": "EMS",
        "permissionTypeName": "operational"
    },
    {
        "name": "مغایرت مصوبه",
        "slug": "/mes/enactments/deny/{id}",
        "moduleName": "EMS",
        "permissionTypeName": "operational"
    },
    {
        "name": "پذیرش مصوبه",
        "slug": "/mes/enactments/accept/{id}",
        "moduleName": "EMS",
        "permissionTypeName": "operational"
    },
    {
        "name": "پیکربندی دبیر",
        "slug": "/mes/setting/secretary",
        "moduleName": "EMS",
        "permissionTypeName": "sidebar"
    },
    {
        "name": "مشاهده گزارش مصوبات کاربر دیگر",
        "slug": "/mes/reports/member",
        "moduleName": "EMS",
        "permissionTypeName": "operational"
    },
    {
        "name": "گزارش وضعیت هیئت",
        "slug": "/mes/reports/district-report",
        "moduleName": "EMS",
        "permissionTypeName": "sidebar"
    },
    {
        "name": "گزارش وضعیت دیگر هیئت",
        "slug": "/mes/reports/other-district-report",
        "moduleName": "EMS",
        "permissionTypeName": "operational"
    },
    {
        "name": "گزارش وضعیت فرمانداری",
        "slug": "/mes/reports/city-report",
        "moduleName": "EMS",
        "permissionTypeName": "operational"
    },
    {
        "name": "لیست اعضای هیئت بخشداری",
        "slug": "/mes/settings/district-members/list",
        "moduleName": "EMS",
        "permissionTypeName": "operational"
    },
    {
        "name": "گزارش وضعیت من",
        "slug": "/mes/reports/my-report",
        "moduleName": "EMS",
        "permissionTypeName": "sidebar"
    },
    {
        "name": "گزارش مصوبات دیگر اعضا هیئت",
        "slug": "/mes/reports/member",
        "moduleName": "EMS",
        "permissionTypeName": "operational"
    },
    {
        "name": "گزارش جامع",
        "slug": "/mes/reports/comprehensive",
        "moduleName": "EMS",
        "permissionTypeName": "sidebar"
    },
    {
        "name": "بروزرسانی عناوین مصوبه",
        "slug": "/mes/settings/enactment-titles/{id}",
        "moduleName": "EMS",
        "permissionTypeName": "operational"
    },
    {
        "name": "افزودن عناوین مصوبه",
        "slug": "/mes/settings/enactment-titles/add",
        "moduleName": "EMS",
        "permissionTypeName": "operational"
    },
    {
        "name": "لیست عناوین مصوبه",
        "slug": "/mes/settings/enactment-titles/list",
        "moduleName": "EMS",
        "permissionTypeName": "operational"
    },
    {
        "name": "بروزرسانی تایید خودکار رای مصوبه",
        "slug": "/mes/settings/auto-moghayerat",
        "moduleName": "EMS",
        "permissionTypeName": "operational"
    },
    {
        "name": "بروزرسانی اعضای هیئت بخشداری",
        "slug": "/mes/settings/district-members",
        "moduleName": "EMS",
        "permissionTypeName": "operational"
    },
    {
        "name": "بروزرسانی تاریخ جلسه",
        "slug": "/mes/meeting/ChangeMeetingDate/{id}",
        "moduleName": "EMS",
        "permissionTypeName": "operational"
    },
    {
        "name": "بررسی جلسه های روز های آتی",
        "slug": "/mes/meeting/selection",
        "moduleName": "EMS",
        "permissionTypeName": "operational"
    },
    {
        "name": "انتخاب جلسات منطقه آزاد",
        "slug": "mes/meeting/selection-freezone",
        "moduleName": "EMS",
        "permissionTypeName": "operational"
    },
    {
        "name": "ثبت مصوبه منطقه آزاد",
        "slug": "/mes/add-enactment/free-zone",
        "moduleName": "EMS",
        "permissionTypeName": "sidebar"
    }
]
