[
    {
        "name": "لیست کارمندان",
        "slug": "/hrm/employee/list",
        "moduleName": "HRMS",
        "permissionTypeName": "sidebar"
    },
    {
        "name": "افزودن کارمند",
        "slug": "/hrm/employee/add",
        "moduleName": "HRMS",
        "permissionTypeName": "sidebar"
    },
    {
        "name": "مشاهده کارمند",
        "slug": "/hrm/employee/{id}",
        "moduleName": "HRMS",
        "permissionTypeName": "operational"
    },
    {
        "name": "بروزرسانی کارمند",
        "slug": "/hrm/employee/update/{id}",
        "moduleName": "HRMS",
        "permissionTypeName": "operational"
    },
    {
        "name": "حذف کارمند",
        "slug": "/hrm/employee/delete/{id}",
        "moduleName": "HRMS",
        "permissionTypeName": "operational"
    },
    {
        "name": "لیست سمت",
        "slug": "/hrm/positions/list",
        "moduleName": "HRMS",
        "permissionTypeName": "sidebar"
    },
    {
        "name": "افزودن سمت",
        "slug": "/hrm/positions/add",
        "moduleName": "HRMS",
        "permissionTypeName": "sidebar"
    },
    {
        "name": "مشاهده سمت",
        "slug": "/hrm/positions/{id}",
        "moduleName": "HRMS",
        "permissionTypeName": "operational"
    },
    {
        "name": "بروزرسانی سمت",
        "slug": "/hrm/positions/update/{id}",
        "moduleName": "HRMS",
        "permissionTypeName": "operational"
    },
    {
        "name": "حذف سمت",
        "slug": "/hrm/positions/delete/{id}",
        "moduleName": "HRMS",
        "permissionTypeName": "operational"
    },
    {
        "name": "لیست مهارت",
        "slug": "/hrm/skills/list",
        "moduleName": "HRMS",
        "permissionTypeName": "sidebar"
    },
    {
        "name": "افزودن مهارت",
        "slug": "/hrm/skills/add",
        "moduleName": "HRMS",
        "permissionTypeName": "sidebar"
    },
    {
        "name": "مشاهده مهارت",
        "slug": "/hrm/skills/{id}",
        "moduleName": "HRMS",
        "permissionTypeName": "operational"
    },
    {
        "name": "بروزرسانی مهارت",
        "slug": "/hrm/skills/update/{id}",
        "moduleName": "HRMS",
        "permissionTypeName": "operational"
    },
    {
        "name": "حذف مهارت",
        "slug": "/hrm/skills/delete/{id}",
        "moduleName": "HRMS",
        "permissionTypeName": "operational"
    },
    {
        "name": "لیست سطح سازمانی",
        "slug": "/hrm/levels/list",
        "moduleName": "HRMS",
        "permissionTypeName": "sidebar"
    },
    {
        "name": "افزودن سطح سازمانی",
        "slug": "/hrm/levels/add",
        "moduleName": "HRMS",
        "permissionTypeName": "sidebar"
    },
    {
        "name": "مشاهده سطح سازمانی",
        "slug": "/hrm/levels/{id}",
        "moduleName": "HRMS",
        "permissionTypeName": "operational"
    },
    {
        "name": "بروزرسانی سطح سازمانی",
        "slug": "/hrm/levels/update/{id}",
        "moduleName": "HRMS",
        "permissionTypeName": "operational"
    },
    {
        "name": "حذف سطح سازمانی",
        "slug": "/hrm/levels/delete/{id}",
        "moduleName": "HRMS",
        "permissionTypeName": "operational"
    },
    {
        "name": "رد حکم توسط تایید کننده",
        "slug": "/hrm/rc/decline/{id}",
        "moduleName": "HRMS",
        "permissionTypeName": "operational"
    },
    {
        "name": "تایید حکم توسط تایید کننده",
        "slug": "/hrm/rc/grant/{id}",
        "moduleName": "HRMS",
        "permissionTypeName": "operational"
    },
    {
        "name": "احکام منقضی شده",
        "slug": "/hrm/erc/list",
        "moduleName": "HRMS",
        "permissionTypeName": "sidebar"
    },
    {
        "name": "باطل کردن حکم",
        "slug": "/hrm/rc/cancel/{id}",
        "moduleName": "HRMS",
        "permissionTypeName": "operational"
    },
    {
        "name": "تمدید حکم",
        "slug": "/hrm/rc/renew/{id}",
        "moduleName": "HRMS",
        "permissionTypeName": "operational"
    },
    {
        "name": "قطع همکاری حکم",
        "slug": "/hrm/rc/terminate/{id}",
        "moduleName": "HRMS",
        "permissionTypeName": "operational"
    },
    {
        "name": "اتمام همکاری حکم",
        "slug": "/hrm/rc/service-end/{id}",
        "moduleName": "HRMS",
        "permissionTypeName": "operational"
    },
    {
        "name": "صدور حکم اصلاحی",
        "slug": "/hrm/rc/reissue/{id}",
        "moduleName": "HRMS",
        "permissionTypeName": "operational"
    },
    {
        "name": "رد حکم توسط مدیرکل",
        "slug": "/hrm/rc/manager-reject/{id}",
        "moduleName": "HRMS",
        "permissionTypeName": "operational"
    },
    {
        "name": "تایید حکم توسط مدیرکل",
        "slug": "/hrm/rc/manager-approve/{id}",
        "moduleName": "HRMS",
        "permissionTypeName": "operational"
    },
    {
        "name": "احکام در انتظار عزل",
        "slug": "/hrm/ptprc/list",
        "moduleName": "HRMS",
        "permissionTypeName": "sidebar"
    },
    {
        "name": "درخواست انتصاب جدید",
        "slug": "/hrm/dehyar/request",
        "moduleName": "HRMS",
        "permissionTypeName": "sidebar"
    },
    {
        "name": "جست و جو دهیاری با کد آبادی",
        "slug": "/hrm/village/search-by-abadi-code",
        "moduleName": "HRMS",
        "permissionTypeName": "operational"
    },
    {
        "name": "ثبت درخواست انتصاب دهیاری جدید",
        "slug": "/hrm/request-new-village",
        "moduleName": "HRMS",
        "permissionTypeName": "operational"
    },
    {
        "name": "نمایش یک حکم عزل شده",
        "slug": "/hrm/rc/ptp/{id}",
        "moduleName": "HRMS",
        "permissionTypeName": "operational"
    },
    {
        "name": "تایید عزل حکم",
        "slug": "/hrm/rc/ptp/terminate/{id}",
        "moduleName": "HRMS",
        "permissionTypeName": "operational"
    }
]
