[
    {
        "name": "فعال",
        "className": "success"
    },
    {
        "name": "غیرفعال",
        "className": "danger"
    },
    {
        "name": "منقضی شده",
        "className": "danger"
    },
    {
        "name": "در انتظار تایید",
        "className": "primary"
    },
    {
        "name": "رد شده",
        "className": "danger"
    },
    {
        "name": "قطع همکاری",
        "className": "danger"
    },
    {
        "name": "پایان خدمت",
        "className": "danger"
    },
    {
        "name": "باطل شده",
        "className": "danger"
    }
]
