[
    {
        "name": "افزودن فایل جدید",
        "slug": "/files/add",
        "moduleName": "FileMS",
        "permissionTypeName": "sidebar"
    },
    {
        "name": "لیست فایل ها",
        "slug": "/files/list",
        "moduleName": "FileMS",
        "permissionTypeName": "sidebar"
    },
    {
        "name": "حذف فایل",
        "slug": "/files/delete/{id}",
        "moduleName": "FileMS",
        "permissionTypeName": "operational"
    },
    {
        "name": "بروزرسانی فایل",
        "slug": "/files/update/{id}",
        "moduleName": "FileMS",
        "permissionTypeName": "operational"
    },
    {
        "name": "بروزرسانی فایل",
        "slug": "/files/edit/{id}",
        "moduleName": "FileMS",
        "permissionTypeName": "operational"
    },
    {
        "name": "مشاهده فایل",
        "slug": "/files/{id}",
        "moduleName": "FileMS",
        "permissionTypeName": "operational"
    }
]
