[
    {
        "name": "لیست کسب و کار ها",
        "slug": "/person/legal/list",
        "moduleName": "PersonMS",
        "permissionTypeName": "sidebar"
    },    {
        "name": "لیست افراد",
        "slug": "/person/natural/list",
        "moduleName": "PersonMS",
        "permissionTypeName": "sidebar"
    },
    {
        "name": "افزودن فرد",
        "slug": "/person/natural/add",
        "moduleName": "PersonMS",
        "permissionTypeName": "sidebar"
    },
    {
        "name": "افزودن کسب و کار",
        "slug": "/person/legal/add",
        "moduleName": "PersonMS",
        "permissionTypeName": "sidebar"
    },
    {
        "name": "بروزرسانی فرد",
        "slug": "/person/natural/update/{id}",
        "moduleName": "PersonMS",
        "permissionTypeName": "operational"
    },    {
        "name": "بروزرسانی کسب و کار",
        "slug": "/person/legal/update/{id}",
        "moduleName": "PersonMS",
        "permissionTypeName": "operational"
    },
    {
        "name": "مشاهده شخص",
        "slug": "/person/{id}",
        "moduleName": "PersonMS",
        "permissionTypeName": "operational"
    }
]
