[
    {
        "ردیف": "0589",
        "city": "ارومیه",
        "district": "مرکزی",
        "town": "نازلوی جنوبی",
        "village": "سامسالو",
        "firstName": "تورج",
        "lastName": "نوروزی",
        "mobile": "09359229580",
        "nationalCode": "2740472579",
        "fatherName": "جمال",
        "gender": "مرد",
        "dateOfBirth": "1370/09/07",
        "education": "کارشناسی",
        "major": "حسابداری",
        "rsDate": "1403/02/20",
        "پاره وقت / تمام وقت": "پاره وقت"
    },
    {
        "ردیف": "0612",
        "city": "ارومیه",
        "district": "مرکزی",
        "town": "نازلوی جنوبی",
        "village": "مرنگلوی کوچک",
        "firstName": "تورج",
        "lastName": "نوروزی",
        "mobile": "09359229580",
        "nationalCode": "2740472579",
        "fatherName": "جمال",
        "gender": "مرد",
        "dateOfBirth": "1370/09/07",
        "education": "کارشناسی",
        "major": "حسابداری",
        "rsDate": "1403/02/20",
        "پاره وقت / تمام وقت": "پاره وقت",
        "دهیار مشترک/سرپرست (نام روستا)": "مشترک سامسالو"
    },
    {
        "ردیف": "0825",
        "city": "بوکان",
        "district": "سیمینه",
        "town": "آختاچی شرقی",
        "village": "کانی شقاقان",
        "firstName": "سعدون",
        "lastName": "سعیدی",
        "mobile": "09148246429",
        "nationalCode": "6399726387",
        "bcCode": "6399726387",
        "fatherName": "رحمان",
        "gender": "مرد",
        "dateOfBirth": "1360/05/02",
        "education": "کاردانی",
        "major": "ریاضی",
        "rsDate": "1403/02/20",
        "پاره وقت / تمام وقت": "پاره وقت ",
        "دهیار مشترک/سرپرست (نام روستا)": "سرپرست"
    },
    {
        "ردیف": "0843",
        "city": "بوکان",
        "district": "سیمینه",
        "town": "آختاچی محالی",
        "village": "دوه شهری",
        "firstName": "رسول",
        "lastName": "اسماعیل پور",
        "mobile": "09146689732",
        "nationalCode": "6390007795",
        "bcCode": "6390007795",
        "fatherName": "احمد",
        "gender": "مرد",
        "dateOfBirth": "1370/12/27",
        "education": "کارشناسی",
        "major": "جغرافیا و برنامه ریزی شهری",
        "rsDate": "1403/02/20",
        "پاره وقت / تمام وقت": "پاره وقت ",
        "دهیار مشترک/سرپرست (نام روستا)": "سرپرست"
    },
    {
        "ردیف": "0854",
        "city": "بوکان",
        "district": "سیمینه",
        "town": "آختاچی محالی",
        "village": "قارنجه کوچک",
        "firstName": "کامیار",
        "lastName": "پورمحمدی",
        "mobile": "09145440982",
        "nationalCode": "6399953871",
        "bcCode": "6399953871",
        "fatherName": "محمود",
        "gender": "مرد",
        "dateOfBirth": "1366/04/17",
        "education": "کارشناسی ارشد",
        "major": "ادبیات فارسی",
        "rsDate": "1403/02/20",
        "پاره وقت / تمام وقت": "پاره وقت ",
        "دهیار مشترک/سرپرست (نام روستا)": "سرپرست"
    },
    {
        "ردیف": "0858",
        "city": "بوکان",
        "district": "سیمینه",
        "town": "آختاچی محالی",
        "village": "کانی قلعه",
        "firstName": "آرام ",
        "lastName": "قادرزاده",
        "mobile": "09146758821",
        "nationalCode": "6390007329",
        "fatherName": "قادر",
        "gender": "مرد",
        "dateOfBirth": "1371/01/28",
        "education": "دیپلم",
        "major": "تجربی",
        "rsDate": "1403/02/20",
        "پاره وقت / تمام وقت": "پاره وقت "
    },
    {
        "ردیف": "0859",
        "city": "بوکان",
        "district": "سیمینه",
        "town": "آختاچی محالی",
        "village": "کانی گوزله",
        "firstName": "حسین",
        "lastName": "علی پور",
        "mobile": "09148715404",
        "nationalCode": "6390010540",
        "bcCode": "6390010540",
        "fatherName": "محمدیوسف",
        "gender": "مرد",
        "dateOfBirth": "1371/01/25",
        "education": "کارشناسی",
        "major": "روانشناسی",
        "rsDate": "1403/02/20",
        "پاره وقت / تمام وقت": "پاره وقت ",
        "دهیار مشترک/سرپرست (نام روستا)": "سرپرست"
    },
    {
        "ردیف": "0867",
        "city": "بوکان",
        "district": "سیمینه",
        "town": "بهی دهبکری",
        "village": "اربنوس",
        "firstName": "یعقوب",
        "lastName": "محمودی",
        "mobile": "09146207709",
        "nationalCode": "2920151711",
        "bcCode": "2920151711",
        "fatherName": "محمدامین",
        "gender": "مرد",
        "dateOfBirth": "1370/11/29",
        "education": "کارشناسی ارشد",
        "major": "مهندس منابع آب",
        "rsDate": "1403/02/20",
        "پاره وقت / تمام وقت": "پاره وقت ",
        "دهیار مشترک/سرپرست (نام روستا)": "سرپرست"
    },
    {
        "ردیف": "0871",
        "city": "بوکان",
        "district": "سیمینه",
        "town": "بهی دهبکری",
        "village": "ایلانی",
        "firstName": "خالد",
        "lastName": "خزمه",
        "mobile": "09148433386",
        "nationalCode": "6399842557",
        "bcCode": "542",
        "fatherName": "طه",
        "gender": "مرد",
        "dateOfBirth": "1355/04/04",
        "education": "دیپلم ",
        "major": "ادبیات",
        "rsDate": "1403/02/20",
        "پاره وقت / تمام وقت": "پاره وقت ",
        "دهیار مشترک/سرپرست (نام روستا)": "سرپرست"
    },
    {
        "ردیف": "0881",
        "city": "بوکان",
        "district": "سیمینه",
        "town": "بهی دهبکری",
        "village": "کانی الله سیده",
        "firstName": "قانع",
        "lastName": "پیرامون",
        "mobile": "09146355667",
        "nationalCode": "6390030010",
        "bcCode": "6390030010",
        "fatherName": "حسین",
        "gender": "مرد",
        "dateOfBirth": "1371/02/25",
        "education": "دیپلم",
        "major": "فنی و حرفه ای",
        "rsDate": "1403/02/20",
        "پاره وقت / تمام وقت": "پاره وقت ",
        "دهیار مشترک/سرپرست (نام روستا)": "سرپرست"
    },
    {
        "ردیف": "0882",
        "city": "بوکان",
        "district": "سیمینه",
        "town": "بهی دهبکری",
        "village": "کانی سبزه",
        "firstName": "عثمان ",
        "lastName": "مصطفی پور",
        "mobile": "09146082904",
        "nationalCode": "2920124064",
        "bcCode": "2920124064",
        "fatherName": "عبداله",
        "gender": "مرد",
        "dateOfBirth": "1370/04/01",
        "education": "کارشناسی",
        "major": "کشاورزی",
        "rsDate": "1403/02/20",
        "پاره وقت / تمام وقت": "پاره وقت ",
        "دهیار مشترک/سرپرست (نام روستا)": "سرپرست"
    },
    {
        "ردیف": "1504",
        "city": "چالدران",
        "district": "مرکزی",
        "town": "ببه جیک",
        "village": "کران سفلی",
        "firstName": "رضا",
        "lastName": "موکبی",
        "mobile": "09147768891",
        "nationalCode": "2790725527",
        "fatherName": "غلام عباس",
        "gender": "مرد",
        "dateOfBirth": "1376/12/28",
        "education": "دیپلم",
        "major": "ساختمان",
        "rsDate": "1403/02/20",
        "پاره وقت / تمام وقت": "پاره وقت"
    },
    {
        "ردیف": "1518",
        "city": "چالدران",
        "district": "مرکزی",
        "town": "چالدران جنوبی",
        "village": "انبارعلیا",
        "firstName": "محسن",
        "lastName": "اموئی",
        "mobile": "09918508467",
        "nationalCode": "2910165094",
        "bcCode": "2910165094",
        "fatherName": "اسماعیل",
        "gender": "مرد",
        "dateOfBirth": "1379/01/20",
        "education": "دیپلم",
        "major": "تجربی",
        "rsDate": "1403/02/20",
        "پاره وقت / تمام وقت": "پاره وقت"
    },
    {
        "ردیف": "1578",
        "city": "چالدران",
        "district": "مرکزی",
        "town": "چالدران جنوبی",
        "village": "نبی کندی",
        "firstName": "بهزاد",
        "lastName": "ولی پور",
        "mobile": "09142050540",
        "nationalCode": "2910084000",
        "bcCode": "2910084000",
        "fatherName": "محمد",
        "gender": "مرد",
        "dateOfBirth": "1373/06/27",
        "education": "دیپلم",
        "major": "برق",
        "rsDate": "1403/02/20",
        "پاره وقت / تمام وقت": "پاره وقت"
    },
    {
        "ردیف": "1601",
        "city": "چالدران",
        "district": "مرکزی",
        "town": "چالدران شمالی",
        "village": "جگن",
        "firstName": "ابراهیم",
        "lastName": "محمدی",
        "mobile": "09146375688",
        "nationalCode": "2919956310",
        "bcCode": "20",
        "fatherName": "قربانعلی",
        "gender": "مرد",
        "dateOfBirth": "1367/09/20",
        "education": "دیپلم",
        "major": "تجربی",
        "rsDate": "1403/02/20",
        "پاره وقت / تمام وقت": "پاره وقت"
    },
    {
        "ردیف": "1791",
        "city": "خوی",
        "district": "ایواوغلی",
        "town": "ایواوغلی",
        "village": "سیه باز",
        "firstName": "بایرامعلی ",
        "lastName": "جباری",
        "mobile": "09145102901",
        "nationalCode": "2803183390",
        "bcCode": "2803183390",
        "fatherName": "رحیم",
        "gender": "مرد",
        "dateOfBirth": "1360/01/01",
        "education": "کارشناسی",
        "major": "اموردفتری",
        "rsDate": "1403/02/20",
        "پاره وقت / تمام وقت": "تمام وقت"
    },
    {
        "ردیف": "3124",
        "city": "مهاباد",
        "district": "خلیفان",
        "town": "منگورشرقی",
        "village": "حاجی مامیان",
        "firstName": "مصطفی",
        "lastName": "حاجی",
        "mobile": "09149787377",
        "nationalCode": "2871457921",
        "bcCode": "506",
        "fatherName": "کریم",
        "gender": "مرد",
        "dateOfBirth": "1361/06/01",
        "education": "کارشناسی",
        "major": "فیزیک",
        "rsDate": "1403/02/20",
        "پاره وقت / تمام وقت": "پاره وقت "
    },
    {
        "ردیف": "3129",
        "city": "مهاباد",
        "district": "خلیفان",
        "town": "منگورشرقی",
        "village": "خراجو",
        "firstName": "اسماعیل",
        "lastName": "احمدی",
        "mobile": "09149480629",
        "nationalCode": "2860051031",
        "fatherName": "کریم",
        "gender": "مرد",
        "dateOfBirth": "1366/06/15",
        "education": "دیپلم",
        "major": "ادبیات",
        "rsDate": "1403/02/20",
        "پاره وقت / تمام وقت": "پاره وقت "
    },
    {
        "ردیف": "3558",
        "city": "نقده",
        "district": "محمدیار",
        "town": "المهدی",
        "village": "لطف اله خان",
        "firstName": "سیدرسول",
        "lastName": "فتاحی",
        "mobile": "09147167607",
        "nationalCode": "2909410609",
        "bcCode": "585",
        "fatherName": "عبداله",
        "gender": "مرد",
        "dateOfBirth": "1356/05/24",
        "education": "دیپلم",
        "major": "انسانی",
        "rsDate": "1403/02/20",
        "پاره وقت / تمام وقت": "پاره وقت"
    },
    {
        "ردیف": "3567",
        "city": "نقده",
        "district": "محمدیار",
        "town": "المهدی",
        "village": "گل",
        "firstName": "رحیم",
        "lastName": "رحمانی",
        "mobile": "09941384190",
        "nationalCode": "2909971139",
        "bcCode": "33",
        "fatherName": "خالد",
        "gender": "مرد",
        "dateOfBirth": "1364/06/10",
        "education": "دیپلم",
        "major": "تجربی",
        "rsDate": "1403/02/20",
        "پاره وقت / تمام وقت": "پاره وقت"
    }
]
