[
    {
        "ردیف": "0843",
        "city": "خوی",
        "district": "قطور",
        "town": "قطور",
        "village": "رازی",
        "firstName": "کامران",
        "lastName": "یوسفی",
        "mobile": "09368904512",
        "nationalCode": "279076167",
        "bcCode": "279076167",
        "fatherName": "احمد",
        "gender": "مرد",
        "dateOfBirth": "1370/12/27",
        "education": "کارشناسی",
        "major": "معماری",
        "rsDate": "1403/02/20",
        "پاره وقت / تمام وقت": "پاره وقت ",
        "دهیار مشترک/سرپرست (نام روستا)": "سرپرست"
    }
]
