[
    {
        "ردیف": "0843",
        "city": "نقده",
        "district": "مرکزی",
        "town": "بیگم قلعه",
        "village": "بهرام آباد",
        "firstName": "فاروق",
        "lastName": "اسماعیل تبار",
        "mobile": "09922644868",
        "nationalCode": "2900104750",
        "bcCode": "2900104750",
        "fatherName": "احمد",
        "gender": "مرد",
        "dateOfBirth": "1370/12/27",
        "education": "کارشناسی",
        "major": "معماری",
        "rsDate": "1403/02/20",
        "پاره وقت / تمام وقت": "پاره وقت ",
        "دهیار مشترک/سرپرست (نام روستا)": "سرپرست"
    }
]
