{
    "document": {
        "doc": ".doc",
        "docx": ".docx",
        "pdf": ".pdf",
        "zip": ".zip",
        "xml": ".xml",
        "csv": ".csv",
        "xlsx": ".xlsx"
    },
    "audio": {
        "mp3": ".mp3",
        "wav": ".wav",
        "ogg": ".ogg"
    },
    "image": {
        "jpeg": ".jpeg",
        "jpg": ".jpg",
        "png": ".png",
        "gif": ".gif",
        "svg": ".svg",
        "webp": ".webp",
        "HEIC": ".HEIC",
        "HEIF": ".HEIF"
    },
    "video": {
        "mp4": ".mp4",
        "avi": ".avi",
        "mov": ".mov",
        "mkv": ".mkv",
        "HEVC": ".HEVC"
    }
}
