[
    {
        "name": "لیست فراگیر",
        "slug": "/students/list",
        "moduleName": "LMS",
        "permissionTypeName": "sidebar"
    },
    {
        "name": "افزودن فراگیر",
        "slug": "/hrm/students/add",
        "moduleName": "LMS",
        "permissionTypeName": "sidebar"
    },
    {
        "name": "ثبت نام فراگیر",
        "slug": "/dehyari/add",
        "moduleName": "LMS",
        "permissionTypeName": "sidebar"
    },
    {
        "name": "مشاهده فراگیر",
        "slug": "/students/{id}",
        "moduleName": "LMS",
        "permissionTypeName": "operational"
    },
    {
        "name": "بروزرسانی فراگیر",
        "slug": "/students/update/{id}",
        "moduleName": "LMS",
        "permissionTypeName": "operational"
    },
    {
        "name": "حذف فراگیر",
        "slug": "/students/delete/{id}",
        "moduleName": "LMS",
        "permissionTypeName": "operational"
    },
    {
        "name": "افزودن مدرس",
        "slug": "/lms/teachers/add",
        "moduleName": "LMS",
        "permissionTypeName": "sidebar"
    },
    {
        "name": "لیست مدرسان",
        "slug": "/teachers/list",
        "moduleName": "LMS",
        "permissionTypeName": "sidebar"
    },
    {
        "name": "لیست دوره های آموزشی",
        "slug": "/lms/courses/list",
        "moduleName": "LMS",
        "permissionTypeName": "sidebar"
    },
    {
        "name": "ثبت نام در دوره",
        "slug": "/lms/register/course/{id}",
        "moduleName": "LMS",
        "permissionTypeName": "operational"
    },
    {
        "name": "افزودن درس",
        "slug": "/lms/lesson/add",
        "moduleName" : "LMS",
        "permissionTypeName": "operational"
    },
    {
        "name": "ویرایش فصل",
        "slug": "/lms/chapter/edit/{id}",
        "moduleName" : "LMS",
        "permissionTypeName": "operational"
    },
    {
        "name": "حذف فصل",
        "slug": "/lms/chapter/delete/{id}",
        "moduleName" : "LMS",
        "permissionTypeName": "operational"
    },
    {
        "name": "ویرایش درس",
        "slug": "/lms/lesson/update/{id}",
        "moduleName" : "LMS",
        "permissionTypeName": "operational"
    },
    {
        "name": "اطلاعات ویرایش درس",
        "slug": "/lms/lesson/update/{id}",
        "moduleName" : "LMS",
        "permissionTypeName": "operational"
    },
    {
        "name": "افزودن دوره آموزشی",
        "slug": "/lms/course/add",
        "moduleName" : "LMS",
        "permissionTypeName": "sidebar"
    },
    {
        "name": "بروزرسانی دوره آموزشی",
        "slug": "/lms/course/update/{id}",
        "moduleName" : "LMS",
        "permissionTypeName": "operational"
    }
]
