[
    {
        "name": "افزودن مدرس",
        "slug": "/lms/teachers/add",
        "moduleName": "LMS",
        "permissionTypeName": "sidebar"
    },
    {
        "name": "لیست دوره ها",
        "slug": "/lms/courses/questions/list",
        "moduleName": "LMS",
        "permissionTypeName": "operational"
    },
    {
        "name": "مدیریت دروس دوره",
        "slug": "/lms/courses/lesson/list",
        "moduleName": "LMS",
        "permissionTypeName": "sidebar"
    },
    {
        "name": "افزودن درس",
        "slug": "/lms/lesson/add",
        "moduleName": "LMS",
        "permissionTypeName": "operational"
    },
    {
        "name": "ویرایش فصل",
        "slug": "/lms/chapter/edit/{id}",
        "moduleName": "LMS",
        "permissionTypeName": "operational"
    },
    {
        "name": "حذف فصل",
        "slug": "/lms/chapter/delete/{id}",
        "moduleName": "LMS",
        "permissionTypeName": "operational"
    },
    {
        "name": "نمایش درس",
        "slug": "/lms/lesson/show/{id}",
        "moduleName": "LMS",
        "permissionTypeName": "operational"
    },
    {
        "name": "افزودن دوره",
        "slug": "/lms/course/add",
        "moduleName": "LMS",
        "permissionTypeName": "sidebar"
    },
    {
        "name": "ویرایش دوره آموزشی",
        "slug": "/lms/course/update/{id}",
        "moduleName": "LMS",
        "permissionTypeName": "operational"
    },
    {
        "name": "نمایش داده های انتشار دوره",
        "slug": "/lms/publish/course/{id}",
        "moduleName": "LMS",
        "permissionTypeName": "operational"
    },
    {
        "name": "انتشار دوره",
        "slug": "/lms/course/make-publish/{id}",
        "moduleName": "LMS",
        "permissionTypeName": "operational"
    },
    {
        "name": "حذف دوره",
        "slug": "/lms/course/delete/{id}",
        "moduleName": "LMS",
        "permissionTypeName": "operational"
    },
    {
        "name": "لغو دوره",
        "slug": "/lms/course/cancel/{id}",
        "moduleName": "LMS",
        "permissionTypeName": "operational"
    },
    {
        "name": "حذف درس",
        "slug": "/lms/lesson/delete/{id}",
        "moduleName": "LMS",
        "permissionTypeName": "operational"
    },
    {
        "name": "لیست دوره های شرکت کرده",
        "slug": "/lms/course/my-enrolled-courses",
        "moduleName": "LMS",
        "permissionTypeName": "sidebar"
    },
    {
        "name": "ذخیره پاسخبرگ",
        "slug": "/lms/exam/store-ansSheet/{id}",
        "moduleName": "LMS",
        "permissionTypeName": "operational"
    },
    {
        "name": "نمایش پاسخبرگ",
        "slug": "/lms/exam/show/{id}",
        "moduleName": "LMS",
        "permissionTypeName": "operational"
    },
    {
        "name": "لیست آزمون های من",
        "slug": "/lms/exam-result/list",
        "moduleName": "LMS",
        "permissionTypeName": "sidebar"
    },
    {
        "name": "پیش نمایش آزمون",
        "slug": "/lms/pre-view/{id}",
        "moduleName": "LMS",
        "permissionTypeName": "operational"
    },
    {
        "name": "ایجاد آزمون",
        "slug": "/lms/generated-exam/{id}",
        "moduleName": "LMS",
        "permissionTypeName": "operational"
    },
    {
        "name": "نمایش سوالات آزمون",
        "slug": "/lms/show-exam/{id}",
        "moduleName": "LMS",
        "permissionTypeName": "operational"
    },
    {
        "name": "نمایش دوره",
        "slug": "/lms/view-course/{id}",
        "moduleName": "LMS",
        "permissionTypeName": "operational"
    },
    {
        "name": "اطلاعات درس",
        "slug": "/lms/lesson/data",
        "moduleName": "LMS",
        "permissionTypeName": "operational"
    },
    {
        "name": "ثبت محتوای دیده شده",
        "slug": "/lms/content-log/set",
        "moduleName": "LMS",
        "permissionTypeName": "operational"
    },
    {
        "name": "افزودن سوال",
        "slug": "/lms/add/question/{id}",
        "moduleName": "LMS",
        "permissionTypeName": "operational"
    },
    {
        "name": "نمایش آخرین تغییرات",
        "slug": "/lms/last/changed-setting/show",
        "moduleName": "LMS",
        "permissionTypeName": "operational"
    },
    {
        "name": "باز شونده برای سوالات",
        "slug": "/lms/questions/dropdown/{id}",
        "moduleName": "LMS",
        "permissionTypeName": "operational"
    },
    {
        "name": "مدیریت سوالات",
        "slug": "/lms/question/list",
        "moduleName": "LMS",
        "permissionTypeName": "sidebar"
    },
    {
        "name": "حذف سوالات",
        "slug": "/lms/questions/delete/{id}",
        "moduleName": "LMS",
        "permissionTypeName": "operational"
    },
    {
        "name": "ویرایش سوال",
        "slug": "/lms/questions/update/{id}",
        "moduleName": "LMS",
        "permissionTypeName": "operational"
    },
    {
        "name": "نمایش سوال ویرایش شده",
        "slug": "/lms/questions/update/show/{id}",
        "moduleName": "LMS",
        "permissionTypeName": "operational"
    },
    {
        "name": "باز شونده برای تنظیمات",
        "slug": "/lms/show/setting",
        "moduleName": "LMS",
        "permissionTypeName": "operational"
    },
    {
        "name": "ذخیره تنظیمات",
        "slug": "/lms/store/setting",
        "moduleName": "LMS",
        "permissionTypeName": "operational"
    },
    {
        "name": "لیست مدرسان",
        "slug": "/teachers/list",
        "moduleName": "LMS",
        "permissionTypeName": "operational"
    },
    {
        "name": "جستجوی مدرس",
        "slug": "/teacher/search",
        "moduleName": "LMS",
        "permissionTypeName": "operational"
    }
]
